epoch,time,train/box_loss,train/cls_loss,train/dfl_loss,metrics/precision(B),metrics/recall(B),metrics/mAP50(B),metrics/mAP50-95(B),val/box_loss,val/cls_loss,val/dfl_loss,lr/pg0,lr/pg1,lr/pg2,lr/pg3,lr/pg4,lr/pg5,lr/pg6,lr/pg7
1,20.3654,1.39885,3.97814,1.61648,0.00436,0.94743,0.02293,0.01724,0.56314,3.17438,0.99208,0.00084537,0.00028179,0.00084537,0.00028179,0.00084537,0.00028179,0.00084537,0.00028179
2,30.956,1.15155,3.85245,1.42669,0.00418,0.98702,0.08465,0.06889,0.50512,3.19373,0.93258,0.001701,0.000567001,0.001701,0.000567001,0.001701,0.000567001,0.001701,0.000567001
3,40.4493,1.03052,3.76876,1.30847,0.00401,1,0.12821,0.1004,0.73404,3.22534,0.98792,0.00253936,0.000846452,0.00253936,0.000846452,0.00253936,0.000846452,0.00253936,0.000846452
4,49.7123,1.04341,3.66672,1.30414,0.0038,1,0.20891,0.14571,0.99412,3.1653,1.11824,0.00264601,0.000882003,0.00264601,0.000882003,0.00264601,0.000882003,0.00264601,0.000882003
5,59.0878,1.03161,3.59301,1.28612,0.00358,1,0.31894,0.20858,1.14912,2.96651,1.19277,0.00261901,0.000873004,0.00261901,0.000873004,0.00261901,0.000873004,0.00261901,0.000873004
6,68.5436,1.05892,3.42129,1.27339,0.57975,0.20639,0.38205,0.25855,1.12454,2.61173,1.17058,0.00259201,0.000864004,0.00259201,0.000864004,0.00259201,0.000864004,0.00259201,0.000864004
7,79.7354,1.02796,3.20051,1.25907,0.30441,0.46016,0.44967,0.32213,0.99749,2.10074,1.11215,0.00256502,0.000855005,0.00256502,0.000855005,0.00256502,0.000855005,0.00256502,0.000855005
8,90.0815,1.00735,2.97202,1.28628,0.29608,0.60176,0.51052,0.36036,0.99444,1.81792,1.12853,0.00253802,0.000846006,0.00253802,0.000846006,0.00253802,0.000846006,0.00253802,0.000846006
9,101.339,1.04712,2.75689,1.3216,0.38417,0.69445,0.59161,0.42014,0.98633,1.71946,1.14564,0.00251102,0.000837007,0.00251102,0.000837007,0.00251102,0.000837007,0.00251102,0.000837007
10,112.941,1.03073,2.50805,1.28851,0.50955,0.7624,0.6946,0.50684,0.95107,1.69163,1.13509,0.00248402,0.000828008,0.00248402,0.000828008,0.00248402,0.000828008,0.00248402,0.000828008
11,124.274,1.04948,2.26376,1.31804,0.62379,0.7751,0.7863,0.57793,0.92987,1.57,1.13277,0.00245703,0.000819009,0.00245703,0.000819009,0.00245703,0.000819009,0.00245703,0.000819009
12,139.351,1.02243,2.1876,1.34234,0.75532,0.80433,0.8763,0.60758,1.06601,1.33089,1.21357,0.00243003,0.00081001,0.00243003,0.00081001,0.00243003,0.00081001,0.00243003,0.00081001
13,157.91,1.02258,2.10062,1.30535,0.78761,0.87731,0.92306,0.67683,0.97213,1.12909,1.17317,0.00240303,0.000801011,0.00240303,0.000801011,0.00240303,0.000801011,0.00240303,0.000801011
14,175.888,0.956,1.97466,1.25419,0.87678,0.8613,0.93477,0.69445,0.93509,1.12247,1.13301,0.00237604,0.000792012,0.00237604,0.000792012,0.00237604,0.000792012,0.00237604,0.000792012
15,193.888,0.98952,2.01624,1.32418,0.88547,0.88063,0.95085,0.67078,1.04741,1.12237,1.17323,0.00234904,0.000783013,0.00234904,0.000783013,0.00234904,0.000783013,0.00234904,0.000783013
16,211.899,1.00632,1.89003,1.28182,0.90311,0.9025,0.95463,0.66862,1.11823,1.06887,1.19483,0.00232204,0.000774013,0.00232204,0.000774013,0.00232204,0.000774013,0.00232204,0.000774013
17,230.278,0.98809,1.80036,1.25227,0.9077,0.90687,0.95633,0.69634,1.02883,1.03999,1.14897,0.00229504,0.000765014,0.00229504,0.000765014,0.00229504,0.000765014,0.00229504,0.000765014
18,248.676,1.01589,1.76499,1.29539,0.92539,0.90074,0.96072,0.68706,1.07618,1.05105,1.17644,0.00226805,0.000756015,0.00226805,0.000756015,0.00226805,0.000756015,0.00226805,0.000756015
19,267.077,1.01898,1.73536,1.27786,0.93229,0.91515,0.95644,0.65915,1.13143,1.07055,1.2112,0.00224105,0.000747016,0.00224105,0.000747016,0.00224105,0.000747016,0.00224105,0.000747016
20,285.471,1.00845,1.79726,1.30188,0.91949,0.93017,0.96489,0.69996,1.04676,1.00371,1.16214,0.00221405,0.000738017,0.00221405,0.000738017,0.00221405,0.000738017,0.00221405,0.000738017
21,303.661,0.98707,1.73674,1.25652,0.90628,0.93933,0.9727,0.73047,0.96357,0.97542,1.11441,0.00218705,0.000729018,0.00218705,0.000729018,0.00218705,0.000729018,0.00218705,0.000729018
22,322.26,0.99223,1.74068,1.25342,0.92454,0.90409,0.97349,0.73385,0.93604,0.93453,1.10241,0.00216006,0.000720019,0.00216006,0.000720019,0.00216006,0.000720019,0.00216006,0.000720019
23,341.036,0.96593,1.67267,1.24948,0.92968,0.9306,0.98162,0.73745,0.95812,0.91358,1.12068,0.00213306,0.00071102,0.00213306,0.00071102,0.00213306,0.00071102,0.00213306,0.00071102
24,359.668,0.94275,1.60479,1.27116,0.94092,0.92849,0.9807,0.70249,1.05638,0.92664,1.19085,0.00210606,0.000702021,0.00210606,0.000702021,0.00210606,0.000702021,0.00210606,0.000702021
25,377.501,0.93862,1.54954,1.24235,0.94469,0.91589,0.98001,0.70574,1.0299,0.92955,1.16905,0.00207906,0.000693022,0.00207906,0.000693022,0.00207906,0.000693022,0.00207906,0.000693022
26,395.69,0.93782,1.52718,1.24313,0.92186,0.93278,0.97882,0.73241,0.95048,0.92408,1.13039,0.00205207,0.000684022,0.00205207,0.000684022,0.00205207,0.000684022,0.00205207,0.000684022
27,414.224,0.94687,1.58612,1.25597,0.91299,0.95968,0.98309,0.72372,1.00295,0.88982,1.16289,0.00202507,0.000675023,0.00202507,0.000675023,0.00202507,0.000675023,0.00202507,0.000675023
28,432.842,0.89287,1.51601,1.19269,0.91361,0.95229,0.98209,0.69935,1.10847,0.86479,1.22121,0.00199807,0.000666024,0.00199807,0.000666024,0.00199807,0.000666024,0.00199807,0.000666024
29,451.044,0.9104,1.55662,1.23228,0.93678,0.93276,0.98061,0.70047,1.10214,0.8704,1.21734,0.00197108,0.000657025,0.00197108,0.000657025,0.00197108,0.000657025,0.00197108,0.000657025
30,469.79,0.97836,1.49548,1.25736,0.96632,0.93621,0.98767,0.68322,1.15669,0.86614,1.24371,0.00194408,0.000648026,0.00194408,0.000648026,0.00194408,0.000648026,0.00194408,0.000648026
31,487.082,0.902,1.47079,1.20411,0.96047,0.9563,0.99287,0.70073,1.0842,0.85659,1.21595,0.00191708,0.000639027,0.00191708,0.000639027,0.00191708,0.000639027,0.00191708,0.000639027
32,504.782,0.9516,1.45905,1.25128,0.96195,0.97266,0.99336,0.68154,1.11799,0.878,1.23797,0.00189008,0.000630028,0.00189008,0.000630028,0.00189008,0.000630028,0.00189008,0.000630028
33,523.756,0.90939,1.41712,1.23207,0.93479,0.97673,0.99122,0.69906,1.06423,0.84809,1.19043,0.00186309,0.000621029,0.00186309,0.000621029,0.00186309,0.000621029,0.00186309,0.000621029
34,541.77,0.91091,1.42588,1.2457,0.94767,0.95324,0.98978,0.70842,1.03197,0.81431,1.1679,0.00183609,0.00061203,0.00183609,0.00061203,0.00183609,0.00061203,0.00183609,0.00061203
35,559.143,0.91512,1.48679,1.26195,0.97299,0.95844,0.99018,0.69051,1.1115,0.82836,1.22086,0.00180909,0.000603031,0.00180909,0.000603031,0.00180909,0.000603031,0.00180909,0.000603031
36,578.972,0.8721,1.36331,1.19983,0.9678,0.96333,0.99191,0.6903,1.12642,0.805,1.22917,0.00178209,0.000594031,0.00178209,0.000594031,0.00178209,0.000594031,0.00178209,0.000594031
37,597.795,0.90122,1.34546,1.19301,0.96881,0.96057,0.98793,0.72882,0.9967,0.78494,1.15566,0.0017551,0.000585032,0.0017551,0.000585032,0.0017551,0.000585032,0.0017551,0.000585032
38,616.498,0.93021,1.39902,1.24501,0.9691,0.98448,0.99059,0.75497,0.90882,0.75465,1.10935,0.0017281,0.000576033,0.0017281,0.000576033,0.0017281,0.000576033,0.0017281,0.000576033
39,636.102,0.89741,1.3304,1.19955,0.98318,0.98607,0.99117,0.73777,0.97544,0.73869,1.14244,0.0017011,0.000567034,0.0017011,0.000567034,0.0017011,0.000567034,0.0017011,0.000567034
40,655.75,0.86415,1.35234,1.18827,0.95049,0.98988,0.99206,0.76585,0.89435,0.72647,1.10463,0.00167411,0.000558035,0.00167411,0.000558035,0.00167411,0.000558035,0.00167411,0.000558035
41,675.168,0.92,1.35527,1.25626,0.96234,0.97949,0.99363,0.76496,0.89905,0.71395,1.11251,0.00164711,0.000549036,0.00164711,0.000549036,0.00164711,0.000549036,0.00164711,0.000549036
42,694.567,0.85026,1.29743,1.1642,0.9623,0.98271,0.99432,0.74949,0.95657,0.71405,1.14199,0.00162011,0.000540037,0.00162011,0.000540037,0.00162011,0.000540037,0.00162011,0.000540037
43,713.982,0.88509,1.36674,1.20085,0.97044,0.97516,0.99435,0.7261,1.01886,0.71714,1.17729,0.00159311,0.000531038,0.00159311,0.000531038,0.00159311,0.000531038,0.00159311,0.000531038
44,733.164,0.88197,1.33795,1.21182,0.98247,0.9769,0.99473,0.72775,1.0172,0.71159,1.17622,0.00156612,0.000522039,0.00156612,0.000522039,0.00156612,0.000522039,0.00156612,0.000522039
45,753.342,0.88981,1.33791,1.22544,0.98058,0.9928,0.99472,0.73915,0.97757,0.6972,1.15086,0.00153912,0.00051304,0.00153912,0.00051304,0.00153912,0.00051304,0.00153912,0.00051304
46,772.213,0.87959,1.32951,1.19204,0.99426,0.98188,0.99458,0.74941,0.95135,0.67816,1.13117,0.00151212,0.00050404,0.00151212,0.00050404,0.00151212,0.00050404,0.00151212,0.00050404
47,790.991,0.88808,1.32515,1.19927,0.9799,0.98916,0.9945,0.75671,0.9173,0.66519,1.10839,0.00148512,0.000495041,0.00148512,0.000495041,0.00148512,0.000495041,0.00148512,0.000495041
48,810.543,0.86045,1.26424,1.21584,0.98125,0.98627,0.99457,0.78329,0.79829,0.64793,1.056,0.00145813,0.000486042,0.00145813,0.000486042,0.00145813,0.000486042,0.00145813,0.000486042
49,828.168,0.8693,1.30987,1.18907,0.97965,0.99268,0.99452,0.77964,0.8253,0.64348,1.07411,0.00143113,0.000477043,0.00143113,0.000477043,0.00143113,0.000477043,0.00143113,0.000477043
50,845.715,0.85602,1.27564,1.16475,0.97099,0.9893,0.99347,0.76958,0.82336,0.66457,1.0725,0.00140413,0.000468044,0.00140413,0.000468044,0.00140413,0.000468044,0.00140413,0.000468044
51,864.264,0.8386,1.27409,1.1426,0.98707,0.98282,0.99452,0.78151,0.80397,0.6488,1.05505,0.00137713,0.000459045,0.00137713,0.000459045,0.00137713,0.000459045,0.00137713,0.000459045
52,882.271,0.83455,1.217,1.16039,0.97562,0.9836,0.99443,0.79949,0.75835,0.63148,1.02995,0.00135014,0.000450046,0.00135014,0.000450046,0.00135014,0.000450046,0.00135014,0.000450046
53,899.076,0.86625,1.27176,1.18813,0.97116,0.97861,0.99464,0.7856,0.79971,0.65524,1.05058,0.00132314,0.000441047,0.00132314,0.000441047,0.00132314,0.000441047,0.00132314,0.000441047
54,916.472,0.84412,1.2114,1.16343,0.97619,0.97401,0.99431,0.78927,0.79165,0.64899,1.05608,0.00129614,0.000432048,0.00129614,0.000432048,0.00129614,0.000432048,0.00129614,0.000432048
55,934.88,0.82255,1.19193,1.13716,0.97985,0.98591,0.99464,0.78702,0.81026,0.63493,1.0705,0.00126915,0.000423049,0.00126915,0.000423049,0.00126915,0.000423049,0.00126915,0.000423049
56,951.874,0.83605,1.24154,1.15384,0.98979,0.99146,0.99494,0.80032,0.75912,0.61171,1.04883,0.00124215,0.000414049,0.00124215,0.000414049,0.00124215,0.000414049,0.00124215,0.000414049
57,970.231,0.85144,1.28492,1.19053,0.98908,0.99692,0.995,0.80383,0.73801,0.60392,1.03604,0.00121515,0.00040505,0.00121515,0.00040505,0.00121515,0.00040505,0.00121515,0.00040505
58,988.022,0.84956,1.25962,1.19744,0.99008,0.99448,0.995,0.81701,0.7034,0.59551,1.01489,0.00118815,0.000396051,0.00118815,0.000396051,0.00118815,0.000396051,0.00118815,0.000396051
59,1004.75,0.84948,1.25104,1.16369,0.98832,0.99623,0.995,0.79999,0.74389,0.60606,1.02923,0.00116116,0.000387052,0.00116116,0.000387052,0.00116116,0.000387052,0.00116116,0.000387052
60,1022.85,0.87451,1.26758,1.17665,0.98574,0.99912,0.995,0.79168,0.77673,0.60109,1.0394,0.00113416,0.000378053,0.00113416,0.000378053,0.00113416,0.000378053,0.00113416,0.000378053
61,1039.51,0.78635,1.13853,1.13085,0.98702,0.99452,0.99047,0.76813,0.84271,0.60718,1.06844,0.00110716,0.000369054,0.00110716,0.000369054,0.00110716,0.000369054,0.00110716,0.000369054
62,1057.63,0.82242,1.20592,1.16148,0.98934,0.99291,0.99036,0.77716,0.81865,0.60497,1.05482,0.00108016,0.000360055,0.00108016,0.000360055,0.00108016,0.000360055,0.00108016,0.000360055
63,1074.36,0.7881,1.15235,1.13435,0.9881,0.99416,0.995,0.79361,0.76733,0.59675,1.03638,0.00105317,0.000351056,0.00105317,0.000351056,0.00105317,0.000351056,0.00105317,0.000351056
64,1091.29,0.80378,1.18535,1.1544,0.98315,0.99864,0.99485,0.80588,0.73608,0.59236,1.02075,0.00102617,0.000342057,0.00102617,0.000342057,0.00102617,0.000342057,0.00102617,0.000342057
65,1109.6,0.80832,1.15424,1.13391,0.99068,0.99803,0.995,0.79591,0.75994,0.5935,1.02936,0.000999173,0.000333058,0.000999173,0.000333058,0.000999173,0.000333058,0.000999173,0.000333058
66,1127.75,0.87916,1.20923,1.19055,0.99102,0.99906,0.995,0.80839,0.73095,0.5798,1.01237,0.000972175,0.000324058,0.000972175,0.000324058,0.000972175,0.000324058,0.000972175,0.000324058
67,1145.38,0.78711,1.21045,1.137,0.99149,0.99913,0.995,0.82147,0.69511,0.57,0.99634,0.000945178,0.000315059,0.000945178,0.000315059,0.000945178,0.000315059,0.000945178,0.000315059
68,1163.76,0.8614,1.24863,1.18001,0.9936,0.99858,0.995,0.81541,0.70411,0.57017,1.00316,0.000918181,0.00030606,0.000918181,0.00030606,0.000918181,0.00030606,0.000918181,0.00030606
69,1180.61,0.8264,1.17048,1.16623,0.99182,0.99965,0.995,0.82714,0.67282,0.56475,0.99165,0.000891184,0.000297061,0.000891184,0.000297061,0.000891184,0.000297061,0.000891184,0.000297061
70,1197.65,0.79339,1.14641,1.13858,0.99179,0.99889,0.995,0.83207,0.65843,0.55462,0.98637,0.000864186,0.000288062,0.000864186,0.000288062,0.000864186,0.000288062,0.000864186,0.000288062
71,1214.86,0.78826,1.13025,1.152,0.99214,0.99886,0.995,0.81996,0.68413,0.56001,0.99656,0.000837189,0.000279063,0.000837189,0.000279063,0.000837189,0.000279063,0.000837189,0.000279063
72,1233.18,0.79304,1.14406,1.14771,0.99158,0.99827,0.995,0.80242,0.73346,0.57274,1.00854,0.000810192,0.000270064,0.000810192,0.000270064,0.000810192,0.000270064,0.000810192,0.000270064
73,1249.88,0.83019,1.23193,1.16877,0.99049,0.99953,0.995,0.81102,0.7088,0.5675,0.99566,0.000783194,0.000261065,0.000783194,0.000261065,0.000783194,0.000261065,0.000783194,0.000261065
74,1266.85,0.79597,1.19992,1.14389,0.99038,1,0.995,0.81522,0.69995,0.56234,0.99012,0.000756197,0.000252066,0.000756197,0.000252066,0.000756197,0.000252066,0.000756197,0.000252066
75,1284.88,0.80737,1.18886,1.14922,0.98863,0.99727,0.995,0.81141,0.71445,0.56845,0.99645,0.0007292,0.000243067,0.0007292,0.000243067,0.0007292,0.000243067,0.0007292,0.000243067
76,1301.35,0.79281,1.14666,1.14369,0.98903,0.99044,0.99044,0.79833,0.7506,0.57049,1.01174,0.000702202,0.000234068,0.000702202,0.000234068,0.000702202,0.000234068,0.000702202,0.000234068
77,1319.32,0.81128,1.20505,1.15699,0.98515,0.99549,0.99047,0.78885,0.78409,0.56931,1.02756,0.000675205,0.000225068,0.000675205,0.000225068,0.000675205,0.000225068,0.000675205,0.000225068
78,1336.13,0.77655,1.12146,1.12855,0.99182,0.99821,0.995,0.81083,0.70544,0.55335,0.99839,0.000648208,0.000216069,0.000648208,0.000216069,0.000648208,0.000216069,0.000648208,0.000216069
79,1354.13,0.81577,1.16741,1.18569,0.99308,0.99826,0.995,0.83139,0.6541,0.54639,0.9795,0.000621211,0.00020707,0.000621211,0.00020707,0.000621211,0.00020707,0.000621211,0.00020707
80,1371.09,0.77881,1.14246,1.13852,0.9942,0.99867,0.995,0.8297,0.66211,0.54824,0.98567,0.000594213,0.000198071,0.000594213,0.000198071,0.000594213,0.000198071,0.000594213,0.000198071
81,1388.64,0.82322,1.16879,1.15219,0.99476,0.9993,0.995,0.82021,0.69489,0.54736,0.99709,0.000567216,0.000189072,0.000567216,0.000189072,0.000567216,0.000189072,0.000567216,0.000189072
82,1405.43,0.79581,1.14017,1.11771,0.99448,0.99869,0.995,0.8172,0.70111,0.55116,0.99865,0.000540219,0.000180073,0.000540219,0.000180073,0.000540219,0.000180073,0.000540219,0.000180073
83,1423.31,0.78732,1.11467,1.13867,0.99406,0.99712,0.995,0.81517,0.70091,0.55569,0.99722,0.000513221,0.000171074,0.000513221,0.000171074,0.000513221,0.000171074,0.000513221,0.000171074
84,1441.12,0.76436,1.12117,1.14253,0.99324,0.99712,0.995,0.82816,0.671,0.54667,0.98211,0.000486224,0.000162075,0.000486224,0.000162075,0.000486224,0.000162075,0.000486224,0.000162075
85,1458.7,0.76773,1.14327,1.145,0.99273,0.99722,0.995,0.82973,0.6625,0.54037,0.97745,0.000459227,0.000153076,0.000459227,0.000153076,0.000459227,0.000153076,0.000459227,0.000153076
